Temperature_K,FreeEnergy_eVperatom,Error_eVperatom
150.00000000000003,-6.052967005806133,0
164.52374695419385,-6.342234024956749,0
180.45375541231755,-6.659888732719839,0
197.92618661593409,-7.008716503353103,0
217.09038561605675,-7.391775961968269,0
238.11015779522984,-7.81242578645056,0
261.1651689888373,-8.274354137821138,0
286.45248117312485,-8.781610976770192,0
314.18823684618803,-9.33864354935578,0
344.60950649911035,-9.950335352607045,0
377.97631496846196,-10.622048921234239,0
414.57386399033265,-11.359672810096995,0
454.71496995311946,-12.169673183810762,0
498.7427376856724,-13.059150465199068,0
547.0334931349296,-14.035901538580678,0
599.9999999999997,-15.108488052501269,0
